{
  "version": "1.0.0",
  "params": {
    "xiangtingBase": 0.4550095164609053,
    "pimproveNStageA": 6,
    "pimproveNStageB": 3,
    "stageFactorB": 0.6864672496570644,
    "basePloseScale": 0.2894360425240055,
    "stageFactorPloseB": 1.4003403635116598,
    "stageFactorPloseC": 2.86630658436214,
    "gangSideEffectK": 0.1,
    "gangPenaltyBCMultiplier": 1.9999112654320987,
    "genbutsuRiskScale": 0.05,
    "dingQueRiskScale": 0.36763194444444447,
    "meldSuitRiskScale": 1.4459393004115226,
    "turnRiskFactor": 0.007991242283950617,
    "baseWinValue": 1352.5355795610426,
    "speedBonusK": 199.81610082304528,
    "firstWinBonus": 476.4034636488341,
    "stageDiscountB": 0.6526440329218106,
    "baseLoss": 1530.7831790123457,
    "stageMultiplierA": 1.7725518689986282,
    "stageMultiplierB": 1.7142918381344308,
    "stageMultiplierC": 3,
    "oppNotHuMultiplier": 1.470536694101509,
    "oppMeldMultiplierK": 0.08532716049382716,
    "informationPenaltyPengA": 125.64360425240056,
    "informationPenaltyPengB": 183.0179398148148,
    "informationPenaltyGangA": 90.09109224965707,
    "informationPenaltyGangB": 201.00983796296293
  },
  "trainingState": {
    "bestParams": {
      "xiangtingBase": 0.4550095164609053,
      "pimproveNStageA": 6,
      "pimproveNStageB": 3,
      "stageFactorB": 0.6864672496570644,
      "basePloseScale": 0.2894360425240055,
      "stageFactorPloseB": 1.4003403635116598,
      "stageFactorPloseC": 2.86630658436214,
      "gangSideEffectK": 0.1,
      "gangPenaltyBCMultiplier": 1.9999112654320987,
      "genbutsuRiskScale": 0.05,
      "dingQueRiskScale": 0.36763194444444447,
      "meldSuitRiskScale": 1.4459393004115226,
      "turnRiskFactor": 0.007991242283950617,
      "baseWinValue": 1352.5355795610426,
      "speedBonusK": 199.81610082304528,
      "firstWinBonus": 476.4034636488341,
      "stageDiscountB": 0.6526440329218106,
      "baseLoss": 1530.7831790123457,
      "stageMultiplierA": 1.7725518689986282,
      "stageMultiplierB": 1.7142918381344308,
      "stageMultiplierC": 3,
      "oppNotHuMultiplier": 1.470536694101509,
      "oppMeldMultiplierK": 0.08532716049382716,
      "informationPenaltyPengA": 125.64360425240056,
      "informationPenaltyPengB": 183.0179398148148,
      "informationPenaltyGangA": 90.09109224965707,
      "informationPenaltyGangB": 201.00983796296293
    },
    "bestFitness": 943,
    "currentStep": 108,
    "rngSeed": 1734800000000,
    "acceptCount": 7,
    "rejectCount": 101,
    "lastResult": {
      "fitness": 428.6,
      "accepted": false,
      "metrics": {
        "playerId": "P3",
        "result": "BATCH",
        "finalScore": 300,
        "didWin": true,
        "isFirstHu": true,
        "winTurn": 61,
        "dealInCount": 0.1,
        "stageBDealIn": 0,
        "stageCDealIn": 0,
        "avgEV": 0,
        "totalTurns": 61.3,
        "xiangting": -1,
        "meldCount": 0,
        "batchSize": 10,
        "fitness": 428.6,
        "winRate": 0.4
      }
    }
  },
  "updatedAt": "2025-12-21T20:05:43.838Z"
}