{
  "version": "1.0.0",
  "params": {
    "xiangtingBase": 0.4550095164609053,
    "pimproveNStageA": 6,
    "pimproveNStageB": 3,
    "stageFactorB": 0.6809482167352537,
    "basePloseScale": 0.2894360425240055,
    "stageFactorPloseB": 1.3230667009602195,
    "stageFactorPloseC": 3,
    "gangSideEffectK": 0.1,
    "gangPenaltyBCMultiplier": 2,
    "genbutsuRiskScale": 0.05515927211934157,
    "dingQueRiskScale": 0.36763194444444447,
    "meldSuitRiskScale": 1.3936491769547326,
    "turnRiskFactor": 0.00905763888888889,
    "baseWinValue": 1352.5355795610426,
    "speedBonusK": 199.81610082304528,
    "firstWinBonus": 476.4034636488341,
    "stageDiscountB": 0.6526440329218106,
    "baseLoss": 1500,
    "stageMultiplierA": 1.7725518689986282,
    "stageMultiplierB": 1.7142918381344308,
    "stageMultiplierC": 3,
    "oppNotHuMultiplier": 1.481951303155007,
    "oppMeldMultiplierK": 0.09183449074074074,
    "informationPenaltyPengA": 125.64360425240056,
    "informationPenaltyPengB": 183.0179398148148,
    "informationPenaltyGangA": 90.09109224965707,
    "informationPenaltyGangB": 201.00983796296293
  },
  "trainingState": {
    "bestParams": {
      "xiangtingBase": 0.4550095164609053,
      "pimproveNStageA": 6,
      "pimproveNStageB": 3,
      "stageFactorB": 0.6809482167352537,
      "basePloseScale": 0.2894360425240055,
      "stageFactorPloseB": 1.3230667009602195,
      "stageFactorPloseC": 3,
      "gangSideEffectK": 0.1,
      "gangPenaltyBCMultiplier": 2,
      "genbutsuRiskScale": 0.05515927211934157,
      "dingQueRiskScale": 0.36763194444444447,
      "meldSuitRiskScale": 1.3936491769547326,
      "turnRiskFactor": 0.00905763888888889,
      "baseWinValue": 1352.5355795610426,
      "speedBonusK": 199.81610082304528,
      "firstWinBonus": 476.4034636488341,
      "stageDiscountB": 0.6526440329218106,
      "baseLoss": 1500,
      "stageMultiplierA": 1.7725518689986282,
      "stageMultiplierB": 1.7142918381344308,
      "stageMultiplierC": 3,
      "oppNotHuMultiplier": 1.481951303155007,
      "oppMeldMultiplierK": 0.09183449074074074,
      "informationPenaltyPengA": 125.64360425240056,
      "informationPenaltyPengB": 183.0179398148148,
      "informationPenaltyGangA": 90.09109224965707,
      "informationPenaltyGangB": 201.00983796296293
    },
    "bestFitness": 536,
    "currentStep": 5,
    "rngSeed": 1734800000000,
    "acceptCount": 3,
    "rejectCount": 2,
    "lastResult": {
      "fitness": 536,
      "accepted": true,
      "metrics": {
        "playerId": "P0",
        "result": "BATCH",
        "finalScore": 400,
        "didWin": false,
        "isFirstHu": false,
        "winTurn": 62,
        "dealInCount": 0,
        "stageBDealIn": 0,
        "stageCDealIn": 0,
        "avgEV": 0,
        "totalTurns": 61.6,
        "xiangting": 4,
        "meldCount": 3,
        "batchSize": 10,
        "fitness": 536,
        "winRate": 0.4
      }
    }
  },
  "updatedAt": "2025-12-21T15:56:01.969Z"
}