{
  "version": "1.0.0",
  "params": {
    "xiangtingBase": 0.3472970679012346,
    "pimproveNStageA": 5,
    "pimproveNStageB": 5,
    "stageFactorB": 0.5283713991769547,
    "basePloseScale": 0.3,
    "stageFactorPloseB": 1.3582664609053499,
    "stageFactorPloseC": 2.8238425925925927,
    "gangSideEffectK": 0.2,
    "gangPenaltyBCMultiplier": 2,
    "genbutsuRiskScale": 0.06764274691358024,
    "dingQueRiskScale": 0.2428395061728395,
    "meldSuitRiskScale": 1.493664609053498,
    "turnRiskFactor": 0.011803665123456791,
    "baseWinValue": 835.8590534979423,
    "speedBonusK": 116.2196502057613,
    "firstWinBonus": 394.5401234567901,
    "stageDiscountB": 0.7,
    "baseLoss": 1664.7968106995886,
    "stageMultiplierA": 2,
    "stageMultiplierB": 1.2336882716049384,
    "stageMultiplierC": 2.924610339506173,
    "oppNotHuMultiplier": 1.5423765432098766,
    "oppMeldMultiplierK": 0.08841936728395061,
    "informationPenaltyPengA": 77.2582304526749,
    "informationPenaltyPengB": 172.48881172839506,
    "informationPenaltyGangA": 53.828446502057616,
    "informationPenaltyGangB": 235.0281635802469
  },
  "trainingState": {
    "bestParams": {
      "xiangtingBase": 0.3472970679012346,
      "pimproveNStageA": 5,
      "pimproveNStageB": 5,
      "stageFactorB": 0.5283713991769547,
      "basePloseScale": 0.3,
      "stageFactorPloseB": 1.3582664609053499,
      "stageFactorPloseC": 2.8238425925925927,
      "gangSideEffectK": 0.2,
      "gangPenaltyBCMultiplier": 2,
      "genbutsuRiskScale": 0.06764274691358024,
      "dingQueRiskScale": 0.2428395061728395,
      "meldSuitRiskScale": 1.493664609053498,
      "turnRiskFactor": 0.011803665123456791,
      "baseWinValue": 835.8590534979423,
      "speedBonusK": 116.2196502057613,
      "firstWinBonus": 394.5401234567901,
      "stageDiscountB": 0.7,
      "baseLoss": 1664.7968106995886,
      "stageMultiplierA": 2,
      "stageMultiplierB": 1.2336882716049384,
      "stageMultiplierC": 2.924610339506173,
      "oppNotHuMultiplier": 1.5423765432098766,
      "oppMeldMultiplierK": 0.08841936728395061,
      "informationPenaltyPengA": 77.2582304526749,
      "informationPenaltyPengB": 172.48881172839506,
      "informationPenaltyGangA": 53.828446502057616,
      "informationPenaltyGangB": 235.0281635802469
    },
    "bestFitness": 2021.5,
    "currentStep": 248,
    "rngSeed": 1766150835910,
    "lastResult": {
      "fitness": 100,
      "accepted": false,
      "metrics": {
        "playerId": "P0",
        "result": "BATCH",
        "finalScore": 100,
        "didWin": false,
        "isFirstHu": false,
        "winTurn": 61,
        "dealInCount": 0,
        "stageBDealIn": 0,
        "stageCDealIn": 0,
        "avgEV": 0,
        "totalTurns": 60.2,
        "xiangting": 10,
        "meldCount": 1,
        "batchSize": 5,
        "fitness": 100,
        "winRate": 0
      }
    }
  },
  "updatedAt": "2025-12-19T17:23:47.683Z"
}