{
  "version": "1.0.0",
  "params": {
    "xiangtingBase": 0.45730041152263373,
    "pimproveNStageA": 6,
    "pimproveNStageB": 3,
    "stageFactorB": 0.6864672496570644,
    "basePloseScale": 0.2894360425240055,
    "stageFactorPloseB": 1.4003403635116598,
    "stageFactorPloseC": 2.86630658436214,
    "gangSideEffectK": 0.1,
    "gangPenaltyBCMultiplier": 1.9999112654320987,
    "genbutsuRiskScale": 0.05,
    "dingQueRiskScale": 0.36763194444444447,
    "meldSuitRiskScale": 1.4270720164609054,
    "turnRiskFactor": 0.007991242283950617,
    "baseWinValue": 1352.5355795610426,
    "speedBonusK": 199.81610082304528,
    "firstWinBonus": 476.4034636488341,
    "stageDiscountB": 0.6526440329218106,
    "baseLoss": 1530.7831790123457,
    "stageMultiplierA": 1.7725518689986282,
    "stageMultiplierB": 1.833644975994513,
    "stageMultiplierC": 3,
    "oppNotHuMultiplier": 1.470536694101509,
    "oppMeldMultiplierK": 0.08532716049382716,
    "informationPenaltyPengA": 125.64360425240056,
    "informationPenaltyPengB": 198.35590277777777,
    "informationPenaltyGangA": 90.09109224965707,
    "informationPenaltyGangB": 199.326774691358
  },
  "trainingState": {
    "bestParams": {
      "xiangtingBase": 0.45730041152263373,
      "pimproveNStageA": 6,
      "pimproveNStageB": 3,
      "stageFactorB": 0.6864672496570644,
      "basePloseScale": 0.2894360425240055,
      "stageFactorPloseB": 1.4003403635116598,
      "stageFactorPloseC": 2.86630658436214,
      "gangSideEffectK": 0.1,
      "gangPenaltyBCMultiplier": 1.9999112654320987,
      "genbutsuRiskScale": 0.05,
      "dingQueRiskScale": 0.36763194444444447,
      "meldSuitRiskScale": 1.4270720164609054,
      "turnRiskFactor": 0.007991242283950617,
      "baseWinValue": 1352.5355795610426,
      "speedBonusK": 199.81610082304528,
      "firstWinBonus": 476.4034636488341,
      "stageDiscountB": 0.6526440329218106,
      "baseLoss": 1530.7831790123457,
      "stageMultiplierA": 1.7725518689986282,
      "stageMultiplierB": 1.833644975994513,
      "stageMultiplierC": 3,
      "oppNotHuMultiplier": 1.470536694101509,
      "oppMeldMultiplierK": 0.08532716049382716,
      "informationPenaltyPengA": 125.64360425240056,
      "informationPenaltyPengB": 198.35590277777777,
      "informationPenaltyGangA": 90.09109224965707,
      "informationPenaltyGangB": 199.326774691358
    },
    "bestFitness": -35.6,
    "currentStep": 2,
    "rngSeed": 42,
    "acceptCount": 1,
    "rejectCount": 1,
    "lastResult": {
      "fitness": -134.4,
      "accepted": false,
      "metrics": {
        "playerId": "P0",
        "result": "BATCH",
        "finalScore": -11.6,
        "didWin": false,
        "isFirstHu": false,
        "winTurn": 60,
        "dealInCount": 0.1,
        "stageBDealIn": 0.1,
        "stageCDealIn": 0,
        "avgEV": 0,
        "totalTurns": 58.9,
        "xiangting": 7,
        "meldCount": 2,
        "batchSize": 10,
        "fitness": -134.4,
        "winRate": 0.1
      }
    }
  },
  "updatedAt": "2026-04-12T11:03:36.070Z"
}